iter	Logloss
0	0.6912155665
1	0.6895438021
2	0.6884204702
3	0.687316767
4	0.6865603826
5	0.6857370433
6	0.6852517948
7	0.6846618647
8	0.684289888
9	0.6838421754
